name,spectro
white,79.66197
grey1,58.77034
grey2,41.49675
grey3,29.90788
grey4,21.2267
grey5,15.48473
grey6,11.94398
grey7,9.918929
black,9.784593
